message_id,message_url,message,date,user_id,username
"1,39739852820122E+018",https://twitter.com/bleuelsass/status/1397398528201220099,GÃ¼edemorje bisamme â˜” 11Â° mit raije in Strossburi  Wie viel grÃ d bie eich ? Henn ihr au raije ?  https://t.co/nfCPNWWfSd  https://t.co/OJapKgBTvC,2021-05-26 05:45:46,914286091,bleuelsass
"1,3944995179118E+018",https://twitter.com/bleuelsass/status/1394499517911797764,GÃ¼edemorje Greuijermorje... Greui mit 11Â° in Strossburi â˜” Henn ihr au gewitter kett ? Wie viel grÃ d hitt morje ?  https://t.co/nfCPNWWfSd  https://t.co/zTllwN1ae0,2021-05-18 05:46:08,914286091,bleuelsass
"1,39417707067521E+018",https://twitter.com/bleuelsass/status/1394177070675206144,"De Jonathan Wahl ich hitt morje mit d'r Cynthia Colombo, Stimme 2021 !  Sie hett am Friddi owe de Gsangwetterbewerb Ã¹ff Elsassich gewounne !  Bravo ! Alli zuheerer Gratuliere dich Cynthia. ğŸ¥³ğŸ‘ğŸ‘ğŸ‡®ğŸ‡© #Stimme #Stimme2021 #Elsass #FranceBleuElsass #CynthiaColombo #JonathanWahl #CEA  https://t.co/AKz2dmN4uB",2021-05-17 08:24:50,914286091,bleuelsass
"1,39232661288931E+018",https://twitter.com/bleuelsass/status/1392326612889309184,"GÃ¼edemorje ! 11Â° in Strossburi,  un Nass. D'Issheillige sinn do...ğŸ¥¶ Es word awer doch gepfiffe Was henn ihr fer wetter ?   https://t.co/nfCPNWWfSd  https://t.co/kGl7PW9U27",2021-05-12 05:51:47,914286091,bleuelsass
"1,3854421412966E+018",https://twitter.com/bleuelsass/status/1385442141296599042,"GÃ¼edemorje !  Friddi, frisch awer scheen ğŸ˜ 4Â° un Strossburi, un bie eich ? Schicke un's eiheri photo ğŸ“¸ Horiche un leuije eiheri sendÃ¹nge Ã¹ff Elsassich Ã¹ff  https://t.co/nfCPNWWfSd  https://t.co/a70iJP82Xr",2021-04-23 05:55:21,914286091,bleuelsass
"1,38217768664317E+018",https://twitter.com/bleuelsass/status/1382177686643167233,"GÃ¼edemorje !  -1Â° in Strossburi, gfrohre...ğŸ¥¶ Was henn ihr fer wetter ? LÃ©it noch Schnee bie eich ? Komme un horiche un's Ã¹ff  https://t.co/nfCPNWWfSd !  https://t.co/RHgjzrOEA1",2021-04-14 05:43:34,914286091,bleuelsass
"1,38145329021125E+018",https://twitter.com/bleuelsass/status/1381453290211250176,"GÃ¼edemorje, es raijt... 4Â° am Wacke in Strossburi â˜” Was henn ihr wetter ? Nasser awer gÃ¼eder Mandi in alle Ã¹ff  https://t.co/nfCPNWWfSd  https://t.co/tKHF6kpHPc",2021-04-12 05:45:05,914286091,bleuelsass
"1,37674829571282E+018",https://twitter.com/bleuelsass/status/1376748295712817155,"GÃ¼edemorje !  4Â°in Strossburi, a scheener Freijohr ğŸŒğŸŒ Was henn ihr fer wetter ? Henn ihr 's OschternÃ©cht schon gemacht ?  D'Karchwoch vebringe ihr Ã¹ff  https://t.co/nfCPNWWfSd  https://t.co/ED6QhuMwgs",2021-03-30 06:09:07,914286091,bleuelsass
"1,37494536883687E+018",https://twitter.com/bleuelsass/status/1374945368836866053,"GÃ¼edemorje ! 3Â° in Mittelwhir, d'PfÃ©ijele pfiffe un d'r Mandelbaum blÃ©it schon mit rosa rot blÃ¼eme !   Was henn ihr fer wetter ? Hen eiheri BaÃ¯m schon blÃ¼eme drann ? Schicke un's eiheri photo...ğŸ“¸ğŸ“²  https://t.co/iC0MzSiKgz",2021-03-25 05:44:55,914286091,bleuelsass
"1,36878495946129E+018",https://twitter.com/bleuelsass/status/1368784959461285891,"GÃ¼edemorje bisamme.  Brrr...es hett wieder gfrorre die Nacht, -2Â° in Strossbouri ğŸŒ¬ Was henn ihr fer wetter ?  Hitt spezialer dÃ Ã  fer d'Frawe Ã¹ff  https://t.co/nfCPNWWfSd  https://t.co/SswGFanRdr",2021-03-08 05:45:39,914286091,bleuelsass
"1,36861777632005E+018",https://twitter.com/bleuelsass/status/1368617776320049155,Jede morje ich d'Huguette Dreikaus  mit'm Jonathan Wahl fer zittung lesse ab de 6h30.  30 johr schon wie de Serge Gainsbourg gestorwe ich. Fer dess hett d'Huguette 1000 moll besser gemÃ cht...ğŸ¤£ D'ganz chronique kinne ihr do horiche :  https://t.co/cRppTLniTG  https://t.co/KSLzXJyJaT,2021-03-07 18:41:20,914286091,bleuelsass
"1,36660761053175E+018",https://twitter.com/bleuelsass/status/1366607610531753985,GÃ¼edemorje !  Es ich wieder kalt im RhintÃ Ã l... -1Â° in Strossbouri ğŸ¥¶ Wie stehn TempÃ©rature bie eich ? Photo?  https://t.co/nfCPNWWfSd  https://t.co/mzeW2t8Gwf,2021-03-02 05:33:39,914286091,bleuelsass
"1,36624748381963E+018",https://twitter.com/bleuelsass/status/1366247483819626496,GÃ¼edemorje bisamme. 0Â° in Strossburi ! ğŸ¥¶ğŸ§¤ğŸ§£ Wie viel grÃ d bie eich ? M'r wÃ rte Ã¹ff d'Sonn Ã¹ff  https://t.co/nfCPNWWfSd  https://t.co/dBlaUrl8wD,2021-03-01 05:42:38,914286091,bleuelsass
"1,36516024259885E+018",https://twitter.com/bleuelsass/status/1365160242598850563,GÃ¼edemorje bisamme !  Wetter wie im Friehjohr...ğŸ•Š Was gibt's mit de TempÃ©rature hitt bie eich ? Sawe un's was ihr fer wetter henn mit photo.  Horiche eiheri sendÃ¹nge Ã¹ff elsassich Ã¹ff  https://t.co/nfCPNWWfSd  https://t.co/aZAS3TvdP2,2021-02-26 05:42:19,914286091,bleuelsass
"1,36407379280968E+018",https://twitter.com/bleuelsass/status/1364073792809684993,GÃ¼edemorje bisamme ğŸ™‹â€â™‚ï¸ğŸ™‹â€â™€ï¸ 3Â° in Strossbouri...ğŸŒ¤ Wie viel grÃ d in eiheri gemein ? Horiche France Bleu Elsass Ã¹ff  https://t.co/nfCPNWWfSd oder Ã¹ff d'r App France Bleu.  https://t.co/CRbywa8S5E,2021-02-23 05:45:10,914286091,bleuelsass
"1,3594044487334E+018",https://twitter.com/bleuelsass/status/1359404448733401092,Es schnÃ©it ! Im studio hett de Jonathan Wahl de Schlitte geschricht !  Komme schlitte fahre Ã¹ff  https://t.co/nfCPNWWfSd  ğŸ˜ğŸ¤£ğŸŒ¨â›·ğŸ›·â„  https://t.co/6R29uXRvZ7,2021-02-10 08:30:51,914286091,bleuelsass
"1,35937626687767E+018",https://twitter.com/bleuelsass/status/1359376266877669376,Was ? -6Â° in Strossbouri ??? â„â˜ƒï¸ğŸŒ¬ Wie nieder sinn tempÃ©rature bie eich ?ğŸŒ¡ Es schnÃ©it im Elsass un im RhintÃ Ã l.  De Winderdinscht mÃ che mir mitnander Ã¹ff  https://t.co/nfCPNWWfSd am 03-88-25-12-12.  https://t.co/5HHZg7ciai,2021-02-10 06:38:52,914286091,bleuelsass
"1,35248409512584E+018",https://twitter.com/bleuelsass/status/1352484095125843968,GÃ¼edemorje !  10Â° in Strossburi mit wind.  Was henn ihr fer wetter? Hitt ich de Ditsch-FranzechdÃ Ã  !  ğŸ‡¨ğŸ‡µğŸ‡©ğŸ‡ªğŸ‡²ğŸ‡¨ Es gibt kenn Grenz Ã¹ff France Bleu Elsass.  Entdecke unseri RhintÃ Ã ler Ã¹ff  https://t.co/nfCPNWWfSd  #deutschfranzÃ¶sischefreundschaft #deutschland #frankreich  #grenzenlos  https://t.co/arQxTNfxSk,2021-01-22 06:11:50,914286091,bleuelsass
"1,34994806509713E+018",https://twitter.com/bleuelsass/status/1349948065097125888,"â„Schnee, schnee, schnee...â„ GÃ¼edemorje, wie viel centimÃ¨ter schnee henn ihr bie eich ? Sinn d'strosse offe oder nit ? 03-88-25-12-12  France Bleu Elsass mÃ cht mit theim un Ã¹ff de stross Ã¹ff eiheri App France Bleu oder Ã¹ff  https://t.co/nfCPNWWfSd  https://t.co/8GLuGW6t2V",2021-01-15 06:14:34,914286091,bleuelsass
"1,34958216648163E+018",https://twitter.com/bleuelsass/status/1349582166481629185,GÃ¼edemorje in alle !  Wie viel centimÃ¨ter schnee bie eich ? Sinn d'Strosse offe ? Sawe un's was ihr fer wetter henn ! De winterdienscht leuije mit mitnander Ã¹ff  https://t.co/nfCPNWWfSd !  â¡ï¸App France Bleu â¡ï¸France Bleu Elsass  #neige #alsace #elsass #rheinlandpfalz #circulation  https://t.co/Qf5GADocZu,2021-01-14 06:00:37,914286091,bleuelsass
"1,34922052499243E+018",https://twitter.com/bleuelsass/status/1349220524992425984,"ğŸš¨Ã€chtung Glattiss Ã¹ff de StrossğŸš¨ GÃ¼edemorje !  -1Â° in Strossbouri un de bode sieht uss wie a Spiegel ! Was henn ihr fer wetter ? Im auto, horiche France Bleu Elsass mit eiheri App France Bleu Ã¹ff em smartphone. Oder theim Ã¹ff  https://t.co/nfCPNWWfSd #verglas #mÃ©teo #Alsace  https://t.co/IHfIa76unF",2021-01-13 06:03:35,914286091,bleuelsass
"1,34849284188297E+018",https://twitter.com/bleuelsass/status/1348492841882968066,"Gu...gu...gÃ¼edemorje...brrr -5Â° in Strossburi mit glatt iss...ğŸ¥¶ Wie kalt ich's bie eich ? Glenzt de bode au ? Mir henn de studio gewÃ rmt, komme im warme Ã¹ff  https://t.co/nfCPNWWfSd  https://t.co/HZRWTiZQiE",2021-01-11 05:52:01,914286091,bleuelsass
"1,34740441550285E+018",https://twitter.com/bleuelsass/status/1347404415502848001,GÃ¼edemorje ! Es schnÃ©it ğŸ˜ğŸŒ¨ 2Â° in Strossbouri mit schnee. Was henn ihr fer wetter ?  Lonn eiheri photo vom wetter do ğŸ“¸ğŸ“²  https://t.co/nfCPNWWfSd #neige #Alsace #strasbourg #Elsass  https://t.co/eiWPzCNgJr,2021-01-08 05:47:00,914286091,bleuelsass
"1,32654347553842E+018",https://twitter.com/bleuelsass/status/1326543475538419716,"France Bleu Elsass ich hitt 90Johr jÃ¹ng ! ğŸ‰ğŸŠ De Jonathan Wahl hett de Kueche gericht, un dutt mit eich Ã¹ff d'Kerze blosse ! ğŸ‚ Wenn's geht...ğŸ˜†ğŸ˜†ğŸ˜†  https://t.co/nfCPNXdQJL #Francebleuelsass #90ans #Elsass #elsassich #humour #anniversaire  https://t.co/SKTLgaz3Sy",2020-11-11 16:13:05,914286091,bleuelsass
"1,32647108973679E+018",https://twitter.com/bleuelsass/status/1326471089736790016,D'GebursdÃ Ã s winsch von d'r Huguette Dreikaus fer d'90 Johr von France Bleu Elsass. MÃ che mit Ã¹ff  https://t.co/nfCPNWWfSd ğŸ‰ğŸ˜  https://t.co/nZymY3hzKn,2020-11-11 11:25:27,914286091,bleuelsass
"1,25400244389934E+018",https://twitter.com/bleuelsass/status/1254002443899342849,"Es ich ebs nÃ©ijs wie d'litt Ã¹ff internet zaije, de DÃ¼tter in de Sun nuss schtrecke ! Uff English seht m'r Butthole sunning !  d'Huguette Dreikaus hett do driwer fer eich mÃ© erfohre...ğŸ˜ D'Ganz vidÃ©o ich do:  ğŸ‘‡ğŸ‘‡ğŸ‘‡  https://t.co/kTVwczgTHL  https://t.co/KftexkK09L",2020-04-25 13:00:55,914286091,bleuelsass
"1,25363104930275E+018",https://twitter.com/bleuelsass/status/1253631049302753280,"Hummm, gÃ¼edi SÃ¼rlawerla !  Do kinne ihr se au braviere ğŸ‘‡  https://t.co/muxr1a0UE5  https://t.co/c4i8fOAjPd",2020-04-24 12:25:08,914286091,bleuelsass
"1,25357389574096E+018",https://twitter.com/bleuelsass/status/1253573895740960768,"GÃ¼edemorje, endli Friddi ! Wieder a woch rumm, d'Feyele pfiffe mit dem scheene wetter, 10Â°. Was henn ihr fer wetter hitt?  https://t.co/nfCPNWWfSd  Lohn eiheri photo oder vidÃ©o grÃ d do ğŸ‘‡ğŸ‘‡ğŸ‘‡  https://t.co/NbUdYLsr8d",2020-04-24 08:38:01,914286091,bleuelsass
"1,25248426405209E+018",https://twitter.com/bleuelsass/status/1252484264052088833,"GÃ¼edemorje in alle ! ğŸ“ Guht gschloffe ? Ja?ğŸ›Œâ° De KaffÃ© schon drunde? â˜•âœ… Was henn ihr fer wetter hitt morje ? Es ich noch arri windi, awer mitere scheeni Sunn. â˜€ï¸ 11Â° in Suffloum (photo) Gehn Ã¹ff  https://t.co/nfCPNWWfSd  https://t.co/EWxsrqgvCG",2020-04-21 08:28:13,914286091,bleuelsass
"1,24543387318764E+018",https://twitter.com/bleuelsass/status/1245433873187639297,Ã€lles Beschte zem NÃ mesdÃ Ã  in de Hugues Ã¹n in de Huguette! Huguette Dreikaus ğŸ˜˜  https://t.co/2pKAN3op5o  https://t.co/Ck2PFMausx,2020-04-01 21:32:29,914286091,bleuelsass
"1,24490097599708E+018",https://twitter.com/bleuelsass/status/1244900975997079552,"Hitt Ã¬sch's d'r letschte DÃ Ã ! Kampfe geje Krabs mÃ¬t ere Terrine, dÃ nk'm Verein Life PINK Ã¹n d'FÃ©dÃ©ration des bouchers charcutiers traiteurs d'Alsace macht mit. Merci Jean Luc Hoffmann ! Bravo fer was ihr fer d'spitaler mache, fer esse lifere ğŸ‘  https://t.co/kYbfkZ6wzI  https://t.co/meo175cX52",2020-03-31 10:14:56,914286091,bleuelsass
"1,23325484499728E+018",https://twitter.com/bleuelsass/status/1233254844997275654,"GÃ¼edemorje ğŸ¥â˜• Henn ihr noch viel wind? Was henn ihr fer wetter? ğŸŒ¬ Viel schade wieder im RhintÃ Ã l waijenem Wind... Horiche un's fer alles erfahre, Norichte, Verkehr, Musik, alles Ã¹ff  https://t.co/nfCPNWWfSd !  https://t.co/EoCialwjrw",2020-02-28 05:57:22,914286091,bleuelsass
"1,22965790986224E+018",https://twitter.com/bleuelsass/status/1229657909862240257,"De ClÃ©ment un Jonathan warte Ã¹ff eich fer de KÃ¤Ã¤sdi Ã¹ff  https://t.co/nfCPNWWfSd ! Ihr kinne de KÃ¤Ã¤sdi noch a moll horiche, grÃ d do: â¡ï¸  https://t.co/vP5FI2sxbT  https://t.co/ICoCwEco7L",2020-02-18 07:44:26,914286091,bleuelsass
"1,22963888513271E+018",https://twitter.com/bleuelsass/status/1229638885132709888,"GÃ¼edemorje,  Was henn ihr fer wetter? TÂ° +photo 7Â° in Strossburi, d'SchwÃ¤ne sinn schon wach !  Horiche un's Ã¹ff  https://t.co/nfCPNWWfSd au in de FÃ©rie zitt....ğŸ‘ğŸ˜ğŸâ˜•  https://t.co/3nrlinJKON",2020-02-18 06:28:50,914286091,bleuelsass
"1,22676992339909E+018",https://twitter.com/bleuelsass/status/1226769923399090177,"ğŸš¨GÃ¼edemorjeğŸš¨ Wie sieht's uss mit'm Sturm bien eich? Was henn ihr fer wetter? ( Photo oder vidÃ©o) Henn ihr schade? Speziali sendung hitt morje, norichte, verkehr, Zigg oder tram wie nit fÃ hre, horiche un's Ã¹ff  https://t.co/nfCPNWWfSd, do erfohre ihr alles iwerem Sturm Ciara.  https://t.co/zeSYBVzG5f",2020-02-10 08:28:36,914286091,bleuelsass
"1,22238207774992E+018",https://twitter.com/bleuelsass/status/1222382077749923840,"GÃ¼edemorje ! Was henn ihr fer wetter?  5Â°in Strossburi, 11Â° in Marseille ! Hitt kinne ihr de match OM-RCS direct horiche Ã¹ff  https://t.co/nfCPNWWfSd ! Henn ihr a prognos fer de Match? Allez #RacingClubdeStrasbourg!!! âš½ï¸  https://t.co/XcJuM4ezSk",2020-01-29 05:52:52,914286091,bleuelsass
"1,2220178907209E+018",https://twitter.com/bleuelsass/status/1222017890720894977,"GÃ¼edemorje !  Was henn ihr fer wetter??? 7Â° in Strossburi. Musique, norichte, verkehr, alles was n'r bruche wenn ihr Ã¹ffstehn !  M'r ware vom Ensemble d'accordÃ©ons de Vendenheim redde am 9h45 , de Jonathan Wahl probt dere zitt...ğŸ˜‚ğŸ¶ğŸ¶ğŸ¶  https://t.co/dsQ2teVD1f",2020-01-28 05:45:43,914286091,bleuelsass
"1,22020231827003E+018",https://twitter.com/bleuelsass/status/1220202318270029829,"GÃ¼edemorje ! -2Â° in Strossburi, #Karlsruhe  -1Â°in #Munster, #Basel Wie viel grÃ d bie eich? ğŸŒ¬â„ Horiche France Bleu #Elsass un gewinne die woch a esse fer zwei im #RoyalePalaceKirrwiller.  D'NÃ©i revue Tempo ware ihr au sehn kinne ! â¡ï¸ https://t.co/nfCPNWWfSd  https://t.co/A0JqsaKbgx",2020-01-23 05:31:17,914286091,bleuelsass
"1,21549250036392E+018",https://twitter.com/bleuelsass/status/1215492500363923458,"GÃ¼edemorje ! 9Â° in Strossburi un nass...,â˜‚ï¸ Was henn ihr fer wetter ? Horiche un's fer hitt unseri verlossung gewinne, a esse fer zwei in de #Kammerzell von Strossburi !  https://t.co/nfCPNWWfSd  https://t.co/JhDpafUMpV",2020-01-10 05:36:09,914286091,bleuelsass
"1,21225105759164E+018",https://twitter.com/bleuelsass/status/1212251057591635968,"Alles BÃ©schte fer 2020 ğŸ‰ğŸ¥¨ğŸ¥‚ Was henn ihr fer wetter ? Achtung, es hett gefrore, 's gibt dicker Newel !!! FÃ nge dess Johr guht an mit un's, horiche  https://t.co/nfCPNWWfSd",2020-01-01 06:55:49,914286091,bleuelsass
"1,21150353189682E+018",https://twitter.com/bleuelsass/status/1211503531896819712,Salut binander. Brrr....ğŸ¥¶ -2Â° hitt morje in HÃ©nne. Was henn ihr fer wetter? Jetzt kind d'r Schnee komme oder? D'r Winterdinscht mache mir mitnander Ã¹ff  https://t.co/nfCPNWWfSd !  https://t.co/3oiVa1WweA,2019-12-30 05:25:25,914286091,bleuelsass
"1,21041946572224E+018",https://twitter.com/bleuelsass/status/1210419465722236928,"GÃ¼edemorje bisamme Hitt ich's wetter zum Fische gehn...ğŸŒ§ğŸ¸ğŸ£ 7Â° mit Raije in Strossbouri,  Basel, 8Â°in Milhusse. Horiche un's Ã¹ff  https://t.co/nfCPNWWfSd,  hitt ich unseri verlossung fer 80 Euros Guhtschinn gewinnne !  https://t.co/hKhaMC8E8X",2019-12-27 05:37:43,914286091,bleuelsass
"1,20933673003953E+018",https://twitter.com/bleuelsass/status/1209336730039525376,"GÃ¼edemorje  Bie un's gibts Schnee ! Was henn ihr fer wetter ?  Wenn ihr luscht noch skifahre henn, horiche un's Ã¹ff eiheri app France Bleu oder Ã¹ff  https://t.co/nfCPNWWfSd, m'r schenke eich eiheri Skipass ! ğŸ¿â›·ï¸ Scheeni Wiehnachte #ski #champdufeu #skimarkstein #ventron  https://t.co/Fd17AADrKw",2019-12-24 05:55:19,914286091,bleuelsass
"1,2089986990216E+018",https://twitter.com/bleuelsass/status/1208998699021602821,"GÃ¼edemorje !  Es raijt a bissel hitt morje fer d'r erscht WiehnachtsfÃ©riedÃ Ã !  Was henn ihr fer wetter ?  Wenn ihr luscht noch skifahre henn, horiche un's Ã¹ff eiheri app France Bleu oder Ã¹ff  https://t.co/nfCPNWWfSd, m'r schenke eich eiheri Skipass ! ğŸ¿â›·ï¸ğŸ‚  https://t.co/oXaG0oT18E",2019-12-23 07:32:06,914286091,bleuelsass
"1,20498075570693E+018",https://twitter.com/bleuelsass/status/1204980755706925058,GÃ¼edemorje ! â˜‚ï¸ğŸŒ§ğŸ¸ Es raijt momentan in Reischtett mit 4Â°. Un bie eich? Horiche France Bleu Elsass fer a iwernachtung gewinne im HÃ´tel Traube Tonbach von Baiersbronn gewinne mit morje un owe esse !  https://t.co/nfCPNWWfSd  https://t.co/LX2lW3p4o5,2019-12-12 05:26:14,914286091,bleuelsass
"1,20462104343391E+018",https://twitter.com/bleuelsass/status/1204621043433910274,"Brrr.... GÃ¼edemorje !  -1Â° die Nacht, 3Â° momentan in Strossbouri. Wie viel grÃ d in eiheri gemein ?  https://t.co/nfCPNWWfSd !  Die woch kinne ihr a iwernachtung fer zwei personne mit morje un owe esse gewinne im 5â­ #HotelTraubeTonbach von #Baiersbronn.  https://t.co/qpoqolTOUv",2019-12-11 05:36:52,914286091,bleuelsass
"1,1999116491945E+018",https://twitter.com/bleuelsass/status/1199911649194500096,"GÃ¼edemorje, 10Â° in Strossburi  Was henn ihr fer wetter? ğŸ¸ğŸŒ§ğŸ¸ğŸŒ§ğŸ¸ğŸŒ¦ Horiche France Bleu Elsass un gewinne die wour a Guhtschinn von 40 euros bie Bredele  Boutique in Awenem. ğŸ’¶ğŸ Leuije un's zu Ã¹ff  https://t.co/nfCPNWWfSd !  https://t.co/yQh0LOl367",2019-11-28 05:43:25,914286091,bleuelsass
"1,19954796402649E+018",https://twitter.com/bleuelsass/status/1199547964026490880,GÃ¼edemorje  Froschewetter hitt morje in Strossburi ğŸ¸ Un bie eich? Wie viel grÃ d ?ğŸŒ¦ Bliewe im trockene mit eiheri RhintÃ Ã l radiosender â˜‚ï¸ Ã¹ff  https://t.co/nfCPNWWfSd ğŸ“²!  https://t.co/UFfsOD83Ic,2019-11-27 05:38:15,914286091,bleuelsass
"1,19737443456014E+018",https://twitter.com/bleuelsass/status/1197374434560139264,"GÃ¼edemorje bisamme !  Guet gschloffe? â˜•ğŸ¥ Wie viel grÃ d henn ihr in eiheri gemein? Norichte, Verkehr, Stimmung, alles was n'r brÃ¹che ich Ã¹ff  https://t.co/nfCPNWWfSd ğŸ“²  https://t.co/sZYkMjNz2K",2019-11-21 05:41:25,914286091,bleuelsass
"1,19708078865269E+018",https://twitter.com/bleuelsass/status/1197080788652691456,"D'Isskenigin 2 geht hitt rÃ¼ss ! Dess hett d'r ClÃ©ment Dorffer Ã¹n d'r Jonathan Wahl inschpiriert ebbs ze sÃ¬nge fer d'r GsÃ ngwettbewerb d'Stimme !  D'r GsÃ ngwettbewerb Ã¹ff ElsÃ¤ssisch Ã¹n PlÃ tt D'Stimme 2020 hett Ã gfÃ nge, mÃ che mÃ¬t ! Fer eich izeschrÃ¬we ğŸ‘‰ğŸ‘‰ğŸ‘‰  https://t.co/b6YZXoOobA  https://t.co/JCU95xPKTZ",2019-11-20 10:14:35,914286091,bleuelsass
"1,19411332363943E+018",https://twitter.com/bleuelsass/status/1194113323639431168,"GÃ¼edemorje ğŸ¶â˜• Was henn ihr fer wetter bie eich ? 7Â° un Frisch in Strossbouri. Es hat geraijt die nÃ cht im RhintÃ Ã l, henn ihr unter d'Dusche gsunge gÃ©scht owe? Nit schlimm, ihr kinne mitmÃ che am GsÃ ngwettbewerb #Stimme, hitt geht's los. Alli Infos Ã¹ff  https://t.co/nfCPNWWfSd !  https://t.co/ccZbApRBvi",2019-11-12 05:42:56,914286091,bleuelsass
"1,18904141144389E+018",https://twitter.com/bleuelsass/status/1189041411443888128,GÃ¼edemorje ! â˜” Es raijt mit 7Â° in Strossbouri am Wacke. Was henn ihr fer wetter ? M'r babble driwer jede morje an de 6h30 Ã¹ff  https://t.co/nfCPNWWfSd  Komme !  https://t.co/Xn7XrDFBD0,2019-10-29 05:48:58,914286091,bleuelsass
"1,18467879121129E+018",https://twitter.com/bleuelsass/status/1184678791211294727,"GÃ¼edemorje ğŸ¤¸ Es raijt a bissel hitt morje noch...â˜” Un bie eich, was henn ihr fer wetter ?  Guedi Stimmung ass de raije verschwind henn mir Ã¹ff em erscht RhintÃ Ã l radio sender, komme un horiche un's Ã¹ff  https://t.co/nfCPNWWfSd ! ğŸ“²ğŸµğŸ¶ğŸ™ï¸ğŸ¤ğŸº  https://t.co/eOC2nmwlWH",2019-10-17 05:53:28,914286091,bleuelsass
"1,17960195626176E+018",https://twitter.com/bleuelsass/status/1179601956261761024,"GÃ¼edemorje ! 7Â° in Strossbouri, 6Â°in Kehl. Was henn ihr fer wetter? Hitt ich a FirdÃ Ã  im Ditschland, Tag der Deutsche Einheit.ğŸ‡©ğŸ‡ª Viel LKW Ã¹ff de AutobÃ hn entlangğŸšš, bliewe vorsichti Ã¹ff de Strosse un horiche un's Ã¹ff  https://t.co/nfCPNWWfSd oder mit de Apps France Bleu ğŸ“².",2019-10-03 05:39:56,914286091,bleuelsass
"1,17932670559449E+018",https://twitter.com/bleuelsass/status/1179326705594490882,France Bleu Elsass ich Potter Addict D'r Jonathan Wahl hett d'SchÃ¼el i Poudlard Ã gfÃ nge ! Mehr erfÃ hre n'Ã¬hr doğŸ‘‡ğŸ‘‡ğŸ‘‡  https://t.co/2kbILvf4vM  https://t.co/i0wxdkJb9X,2019-10-02 11:26:12,914286091,bleuelsass
"1,17742812141243E+018",https://twitter.com/bleuelsass/status/1177428121412427778,"GÃ¼edemorje ğŸ Speziali sendung hitt fer de Jacques Chirac ze Ehre, verzehle un's eiheri erinnerunge am 03-88-25-12-12. Henn ihr ne schon a moll getroffe? Was werde ihr von ihm halte? ğŸ‡¨ğŸ‡µ https://t.co/nfCPNWWfSdğŸ‡®ğŸ‡©",2019-09-27 05:41:54,914286091,bleuelsass
"1,177064570655E+018",https://twitter.com/bleuelsass/status/1177064570654998528,"GÃ¼edemorje bisamme ,ğŸŒ¦â˜” Hopla, komme alli mit em RhintÃ l Bus !ğŸš Was henn ihr fer wetter ? 14Â° in Hawenau, 15Â° in Thann, 14Â° in Rastatt un 14Â°bie Allschwill. Horiche  https://t.co/nfCPNWWfSd !  https://t.co/6dS3S8j9kE",2019-09-26 05:37:17,914286091,bleuelsass
"1,17453024299368E+018",https://twitter.com/bleuelsass/status/1174530242993676288,"GÃ¼edemorje !  Hop Ã¹ff d'r Arweit ğŸš¶ğŸš´ A bissel Frisch hitt...10Â° in Strossbouri,  7Â° in Basel un 8Â° in Freiburg. Wie viel grÃ d bie eich? ğŸŒ‡ğŸŒ¡ï¸  https://t.co/nfCPNWWfSd  https://t.co/3BAMPgvS4a",2019-09-19 05:46:46,914286091,bleuelsass
"1,17416912783924E+018",https://twitter.com/bleuelsass/status/1174169127839240192,"ğŸš¨GÃ¼edemorje ğŸš¨ Was henn ihr fer wetter? A bissel wind...ğŸŒ¬ğŸŒ Hitt spezialer dÃ Ã  fer d'Verkehrssicherheit, alli sinn verantwortlich !ğŸ›£ğŸš§ğŸš¦ğŸš¶â€â™‚ï¸ğŸš¶â€â™€ï¸ğŸƒâ€â™‚ï¸ğŸš´â€â™‚ï¸ğŸ• MÃ che ihr au mit Ã¹ff  https://t.co/nfCPNWWfSd !",2019-09-18 05:51:49,914286091,bleuelsass
"1,17235785718396E+018",https://twitter.com/bleuelsass/status/1172357857183961089,"Friddi de 13.... GÃ¼edemorje ! ğŸ€ Was Vollmond ich au???ğŸŒ•ğŸ™ˆ Oh yÃ©, 14Â° in Strossbouri. Glick oder nit mit em wetter hitt? Viel glick fer scheeni gschenker gewinne wenn ihr un's zu leuije Ã¹ff  https://t.co/nfCPNWWfSd  Intritt fer Ã¹ff d'Ustellung, Cd, usw....ğŸ°ğŸğŸ™ï¸",2019-09-13 05:54:29,914286091,bleuelsass
"1,15133254737852E+018",https://twitter.com/bleuelsass/status/1151332547378515969,"GÃ¼edemorje !  Was henn ihr fer wetter? ğŸŒğŸŒ¡ğŸ˜˜ Es ich wetter zum spaziere gehn ! ğŸ¶ So wie de Luke mit em Marc in WindschlÃ¤g bi Offeburi.. Er gibt un's live s'wetter die ganz wour Ã¹ff  https://t.co/nfCPNWWfSd, wenn ihr au mÃ che welle, schriewe un's !  https://t.co/jqCPBj1I2Y",2019-07-17 05:27:24,914286091,bleuelsass
"1,14915877160166E+018",https://twitter.com/bleuelsass/status/1149158771601661952,GÃ¼edemorje. Es drÃ©pfelt a bissel im Nord-RhintÃ l.ğŸŒ§ Dicke wollige.â˜ï¸â˜ï¸â˜ï¸ 17Â°in Strossbouri Was henn ihr fer wetter ? Horiche un's Ã¹ff  https://t.co/nfCPNWWfSd  https://t.co/5xJhSfuOwH,2019-07-11 05:29:36,914286091,bleuelsass
"1,14662528093463E+018",https://twitter.com/bleuelsass/status/1146625280934633472,"GÃ¼edemorje! Sunne, frischi luft un Nature...ğŸŒ Was henn ihr fer wetter? Schicke un's eiheri photo ğŸ“¸ Horiche France Bleu Elsass fer a iweraschung pack gewinne die wour mit Biecher, CDs, usw...+40â‚¬.ğŸ‰ğŸ’¸ğŸ  https://t.co/nfCPNWWfSd ğŸ“²",2019-07-04 05:42:24,914286091,bleuelsass
6372522262761518,https://facebook.com/francebleu.elsass.7/posts/6372522262761518,"GÃ¼edemorje ! Hitt isch Nationaler firdÃ a !
15Â° in Strossburi, a Sohnesstrahle Ã¹ff d'schpitz vom Minschter, un a lichter wind fer ass m'r de FÃ hne sieht.ğŸ‡¨ğŸ‡µ
Was henn ihr fer wetter ?
Komme un horiche un's Ã¹ff www.francebleuelsass.fr",2021-07-14 06:09:03,538948559452280,France Bleu Elsass
6364508593562885,https://facebook.com/francebleu.elsass.7/posts/6364508593562885,"Jede dÃ Ã  sport bie un's un bie eich am 9h30 mit d'r Janine Erhold Ã¹ff www.francebleuelsass.fr !
Hitt wieder mit WasserflÃ sche, uwung 2 !
Awer mit Orangesaft flÃ sche geht's au ğŸ¤£

FRANCEBLEU.FR
Exercice bouteilles 2 / Sport mit flÃ sche 2",2021-07-12 15:05:48,538948559452280,France Bleu Elsass
6353825767964501,https://facebook.com/francebleu.elsass.7/posts/6353825767964501,"Denne Summer gibt's sport bie un's ğŸ˜
Jede morje am 9h30 mit d'r Janine Erhold mÃ che mir alli mitnander sport Ã¹ff France Bleu Elsass.
MÃ che it !
Do kinne ihr alli chronique wieder leuije un theim braviere ğŸ’ªğŸ‘‡ğŸ˜œ

FRANCEBLEU.FR
La minute sport sur France Bleu Elsass",2021-07-10 10:00:02,538948559452280,France Bleu Elsass
6338392946174450,https://facebook.com/francebleu.elsass.7/posts/6338392946174450,"GÃ¼edemorje !
Oh jÃ©, oh jÃ©...was ich dess fer wetter fer d'r ercht SummerferiedÃ Ã  im Elsass ?
14 Â° un alles greuij in Strossburi...ğŸ·
Was henn ihr fer wetter ?
Horiche un's Ã¹ff www.francebleuelsass.fr",2021-07-07 05:41:49,538948559452280,France Bleu Elsass
6333571336656611,https://facebook.com/francebleu.elsass.7/posts/6333571336656611,"GÃ¼edemorje !
Letchder SchÃ¼eldÃ a hitt im Elsass fer d'Kinder...ğŸ˜
16Â° in Strossbouri un Scheen wetter bis jetzt...
Un bie eich ?
Horiche d'r Summerprogramm Ã¹ff www.francebleuelsass.fr",2021-07-06 05:45:38,538948559452280,France Bleu Elsass
6296093413737737,https://facebook.com/francebleu.elsass.7/posts/6296093413737737,"Ã™ff em Summer program gibt's Sport bie un's, jede morje am 9h30 mit d'r Janine Erhold.
De Jonathan Wahl mÃ cht mit, awer ihr au bie eich !
A minute Sport dene Summer, jede dÃ Ã  Ã¹ff www.francebleuelsass.fr ğŸ™ˆğŸ˜…ğŸ’ªğŸ‹â€â™‚ï¸ğŸ‹â€â™€ï¸",2021-06-28 08:33:09,538948559452280,France Bleu Elsass
6372785559401855,https://facebook.com/6372785559401855,"GÃ¼ede morye bisamme a beselle fresch en Ingwiller mett 13 grad un a grÃ¶ier hemmel , dee wend blost ganz licht un gescht hest 42 ml gerÃ¤yt un mett dem wensche ech eich alle trotzdem a schener on angenehmer 14 Juillet ğŸ‡«ğŸ‡· ğŸ‡«ğŸ‡· ğŸ‡«ğŸ‡·",None,100022313800503,Eddy Daeffler
6372625332751211,https://facebook.com/6372625332751211,"ğŸ¸ Bouchourele, 13Â° in Lingelse, brrrrr...... bessele frisch fer a 14 juillet. Ken reje un a glaner sunestrahl â˜€ï¸ bis jetz eschs brima ğŸ˜„ Schener firda an alli ğŸ˜‰ğŸ˜˜",None,100017610546147,Nini Destrass
6372907809389630,https://facebook.com/6372907809389630,Guede morje bisamme 12Â°grad en Saverne ğŸ™‹frisch fer 14 juillet ğŸŒ¨ schenner daa in alleğŸ‡§ğŸ‡¶ğŸ™‹,None,100004121377242,Dominique Schmitt
6367989903214754,https://facebook.com/6367989903214754,"Guede morje. Ja, des esch e scheener sommer anfang......saÃ¯ e wadder un kenni zum metze. Hop abwarde ......sie ğŸŒkommt baal. Scheener daa",None,1260193407,Brigitte Stahl
6367660636581014,https://facebook.com/6367660636581014,"Hello, schener daa an alle es raijt in Erstein seit geuecht owe.... 18 Â° um ğŸ••. ğŸ˜‰ â˜”",None,100002690295614,Gilles Guthapfel
6367945873219157,https://facebook.com/6367945873219157,"Guede morje en Älle, en Haegen hammer noumÃ¨ 13 grad ğŸ˜¡ RaÃ¯ye raÃ¯ye un nor a mol raÃ¯ye Ã  reschdigs spoudyouhrwader , un wÃ©nd hÄmmer euÃ¯. Trozdem schnaguewader, wensch esch en Älle Ã  angenammer daa ğŸŒ·.",None,100010411680722,Marie Odile
6367606946586383,https://facebook.com/6367606946586383,Guete Morge. 18Â° in Sturzelbronn.Fi cht ficht fichtâ˜”â˜”ğŸŒ§ğŸŒ§ğŸ˜¥ğŸ˜¥â˜¹â˜¹,None,100016679059424,Marguerite Mittelheisser
6368068916540186,https://facebook.com/6368068916540186,"Guede morje en alle ğŸ™‹ğŸ™‹13Â° grad Raye , Raye , saie wadder ğŸ˜¡schener daa trotzdem in alle..â˜‚ï¸",None,100004121377242,Dominique Schmitt
6367835549896856,https://facebook.com/6367835549896856,"Jaja en niederbronn au raije raije, awer mer han scheeni parablie , schmitzele ğŸŒˆğŸ˜ğŸ™‹",None,1597786221,Lucie Laure Reimbold
6368176136529464,https://facebook.com/6368176136529464,"Bei uns, in EttelbrÃ¼ck, auch.ğŸ˜ªğŸ˜ª",None,1269714098,Marc Bier
6363127353701009,https://facebook.com/6363127353701009,Gueder morje bisamme 15Â° grad en Saverne bedegde himmel..ğŸŒ¥gueder daa in alle ğŸ™‹\u200dâ™€ï¸ğŸ™‹\u200dâ™€ï¸,None,100004121377242,Dominique Schmitt
6363023587044719,https://facebook.com/6363023587044719,Hello binander en Haegen hammer 15 grad Ã  greuier hemmel un Ã  besselÃ¨ sonnÃ¨. Esch wensch en alle a angenammer daa ğŸŒ,None,100010411680722,Marie Odile
6362904823723262,https://facebook.com/6362904823723262,"ğŸ¸ Bouchourele, 15Â° in Lingelse , bleuier himmel ğŸŒ "" d\'sonne schint schon Lang Schang"" ğŸ isch kann chinesich ğŸ˜‚ Un ğŸ‡®ğŸ‡¹ viva Italia ğŸ‡®ğŸ‡¹ ğŸ‘ğŸ‘ Schener monda an alli ğŸ˜‰ğŸ˜˜",None,100017610546147,Nini Destrass
6348413431839068,https://facebook.com/6348413431839068,Guadamorga bi nander hÃ©ta hammer 15 grad Ã©n radercha a bar voulka aver hoffentlich vourd's chÃ©n.!! ChÃ©na tag an alla foum radio ğŸ˜˜,None,1201613269,Simone Bobenriether
6348552235158521,https://facebook.com/6348552235158521,"Guede morje en Älle Elsasser, en Haegen hammer 14 grad un a scheeni sonne ğŸŒ am hemmel. Esch wensch en alle a scheener daa un a angenammer wkend",None,100010411680722,Marie Odile
6348676028479475,https://facebook.com/6348676028479475,Guede morje bisamme ğŸ™‹en Saverne 15Â°grad un sonne â˜€ï¸hoffentlich vourd's chen..!!!ğŸ™‚schenner daa in alle,None,100004121377242,Dominique Schmitt
6343490765664668,https://facebook.com/6343490765664668,Hallo guÃ¨de morje an alle 17 grag um ğŸ•• in Erstein,None,100002690295614,Gilles Guthapfel
6343788878968190,https://facebook.com/6343788878968190,"ğŸ¸ Bouchourele 17Â° in Lingelse, schon a paar hemele am himmel awer au a bessele sunne ğŸŒ¤ï¸. Schener da an alli ğŸ˜‰ğŸ˜˜",None,100017610546147,Nini Destrass
6343765948970483,https://facebook.com/6343765948970483,Gueder Morje alle ğŸ™‹ 14Â° grad en Saverne bedegede himmel ğŸŒ¤ schenner daa in alleğŸŒºğŸŒ¹,None,100004121377242,Dominique Schmitt
6343452895668455,https://facebook.com/6343452895668455,"Bouchour bouchour ğŸ˜ƒ In Alt Agedorf 17Â° bedegter himmel.. Wass erwarcht ounss hitt ferr wetter ?? Allewaij et Bessel fonn allem.. Sonne ounn raije, merr lonn ouns ewerache !!! Sonn Sonn bech du bÃ©ss mett ounss â˜¹ï¸â˜¹ï¸ Trotzdem scheener daa ann Alli ğŸ¤—",None,100004452877429,Sabine Krieger
6343639368983141,https://facebook.com/6343639368983141,Hello binander en Haegen hammer 14 grad un a huffe wolligÃ¨ am hemmel. Esch wensch en alle a angenammer daa ğŸŒ·,None,100010411680722,Marie Odile
6344000812280330,https://facebook.com/6344000812280330,Jetzt lahrt de Petrus Kewel us ! ğŸŒ§â˜”ï¸,None,100000578337644,Didier Adolff
6343392925674452,https://facebook.com/6343392925674452,Guadamorga bi nander Ã‰n radercha Hamer 16 grad oun Ã  voulkika hÃ©mel hoffentlich Hamer vÃ©der souna hÃ©ta.!!! ChÃ©na tag an alla foum radio ğŸ˜˜,None,1201613269,Simone Bobenriether
6344106065603138,https://facebook.com/6344106065603138,Sylvie Morel Yooo neeeee ... es esch nÃ¹mme Raje ! ğŸ˜˜,None,100007862593039,MJ Gillmann
6344022305611514,https://facebook.com/6344022305611514,Guede morja Von London Ver. Hama son ğŸŒ»,None,100005925270914,Suzanne Tobin
6338785989468479,https://facebook.com/6338785989468479,HÃ©llo bisamme ğŸ™‹En Saverne 14Â° grad gr....gueder daa in alle ğŸ‘‹ğŸ™‚ğŸŒ,None,100004121377242,Dominique Schmitt
6338676686146076,https://facebook.com/6338676686146076,14 degrÃ©s in Mulhouse... Net besser ğŸ˜­il pleut ğŸ˜­ scchener daa in alle ğŸ˜˜,None,100010351034510,Martine Beuneche
6338432236170521,https://facebook.com/6338432236170521,"Hello, salut an alle 15Â° in Erstein um 5 heures 45.. ğŸ˜‰",None,100002690295614,Gilles Guthapfel
6338775082802903,https://facebook.com/6338775082802903,"ğŸ¸ Bouchourele, 15Â° in Lingelse immer noch greuÃ¯.......ğŸ˜¥ D'nas fol bon dem seuÃ¯wetter ğŸ· Sech kansestriwelle zit, ich hab a paar kechele gemacht, des esch geud ver de moral ğŸ˜‹ Met de sun im herz â˜€ï¸ wensch ich eich alle a schener da ğŸ˜‰ğŸ˜˜",None,100017610546147,Nini Destrass
6338853426128402,https://facebook.com/6338853426128402,Guede morje bisame en Haegen hammer noumÃ¨ 12 grad un Ã  reschdigs fischdÃ¨s wader. Trozdem wensch esch en alle a angenammer daa ğŸŒ·,None,100010411680722,Marie Odile
6333783313302080,https://facebook.com/6333783313302080,Guede morje en Haegen hammer 15 grad un d'feielÃ¨s sÃ©n glÃ©gli Esch wensch en Älle Ã  angenammer daa ğŸŒ·,None,100010411680722,Marie Odile
6333919269955151,https://facebook.com/6333919269955151,HÃ©llo bisamme ğŸ™‹en Saverne 15Â° grad ..gueder daa in alle,None,100004121377242,Dominique Schmitt
6333592673321144,https://facebook.com/6333592673321144,Guadamorga bi nander mÃ©r han 16 grad Ã©n radercha oun oiii chÃ©n water bis yÃ¨tza hoffentlich blibtz a so mÃ©r han yÃ¨tza sattt fou dam raga ğŸ˜ chÃ©na tag an alla foum radio ğŸ˜˜ğŸ˜˜,None,1201613269,Simone Bobenriether
6333669906646754,https://facebook.com/6333669906646754,"Marguerite Mittelheisser wunderschenes bild , schener da in Lingelse ğŸ˜‰",None,100017610546147,Nini Destrass
6333719989975079,https://facebook.com/6333719989975079,"Gruass von Hartmannswiller ...schenes watter, 17Â°C, d'fegala pfiffa.....hofe ntlich bliebts a so.ğŸ˜ğŸ˜",None,100004699921807,Remy Gullung
6333718846641860,https://facebook.com/6333718846641860,Guete morje 15 Â°un Neuviller la Roche E foto von hit morje met dere weldsau De lecht dÃ Ã  arweit for de ferien ğŸ˜„Sheener dÃ Ã  in alle,None,100048951886347,Yolande Hess
6333683066645438,https://facebook.com/6333683066645438,"ğŸ¸ Bouchourele, 16Â° in Lingelse, d'sunne zeit sich schon hit morje â˜€ï¸ noch a paar wollige awer d'feyele pfiffe ğŸ¦ ğŸµğŸµ Schener da an alli ğŸ˜‰ğŸ˜˜",None,100017610546147,Nini Destrass
6329044207109324,https://facebook.com/6329044207109324,"Gruass von Hartmannswiller mett 16Â°C...und ragnerisch. Simonla vu Raderscha , scheckmer dini sounna ğŸ¥°",None,100004699921807,Remy Gullung
6329372913743120,https://facebook.com/6329372913743120,Guede morje en Saverne 13Â° grad un raiye .....ğŸŒ§gueder daa in alle schusss,None,100004121377242,Dominique Schmitt
6329239837089761,https://facebook.com/6329239837089761,Guede morje en Haegen hammer 13 grad un raÃ¯ye. Ass dad yetzt bÄƒl lÄƒnge med dem dragwader. Trozdem wensch esch en alle a angenammer daa ğŸŒ·,None,100010411680722,Marie Odile
6329130253767386,https://facebook.com/6329130253767386,"ğŸ¸ Bouchourele, 16Â° un reje in Lingelse, seuÃ¯ ğŸ· wetter ğŸ˜ s'ded jetz bald lange ğŸ˜¡........ Trozdem schener da an alli ğŸ˜‰ğŸ˜˜",None,100017610546147,Nini Destrass
6329145457099199,https://facebook.com/6329145457099199,Guete Morge. Emmer noch Regen. Wo esch Sonne un wenn se schin esch a gralle Hetch un den wedder Gewetter.16 Â° in L Lingelse.ğŸŒ§ğŸŒ§â˜”â˜”ğŸŒ§ğŸŒ§,None,100016679059424,Marguerite Mittelheisser
6328904760456602,https://facebook.com/6328904760456602,Guadamorga bi nander mÃ©r han 16 grad Ã©n radercha sÃ©ch Nass aver d'souna chint cho â˜€ï¸ chÃ©na tag an alla foum radio ğŸ˜˜ğŸ˜˜ğŸ˜˜,None,1201613269,Simone Bobenriether
6329046920442386,https://facebook.com/6329046920442386,"Bouchour, bouchour, ğŸ˜€ Greuer himmel Ä—nn Alt Agedorf ğŸ’¦ğŸŒ‚â˜” de raaje macht eui mett, der hett hitt mett welle speele ğŸ˜Œ 17Â° Hoffentlich vegesst d'Sonn nett wedder onff ze trette ğŸŒğŸŒâ˜€ Merr hann schonn Seensucht denoch... Trotzdem scheener daa ann Alli.",None,100004452877429,Sabine Krieger
6328910397122705,https://facebook.com/6328910397122705,Jean Marie Wolff Ã©r han chance 22 grad ğŸ‘ğŸ‘ğŸ‘ chÃ©na tag nor,None,1201613269,Simone Bobenriether
6315042258509519,https://facebook.com/6315042258509519,"Guede morje en Älle Elsasser, en Haegen hammer noumÃ¨ 11 grad awer Ã  haller hemmel. Esch wensch en alle a scheener daa ğŸŒ un Ã  angenammer wkend .",None,100010411680722,Marie Odile
6314995405180871,https://facebook.com/6314995405180871,Jean Marie Wolff gueti cure Profitiere ğŸŒ•ğŸŒ•,None,100048951886347,Yolande Hess
6314873905193021,https://facebook.com/6314873905193021,Heirich Jacqueline Schon wachğŸ˜,None,100048951886347,Yolande Hess
6315135315166880,https://facebook.com/6315135315166880,Saverne 11Â°grad awer d'Sonn kommtğŸ™‚gueder daa in alle ..ğŸ˜ğŸ™‹,None,100004121377242,Dominique Schmitt
6316597235020688,https://facebook.com/6316597235020688,France Bleu Elsass ğŸ˜‰,None,129343283755405,MusÃ©e Unterlinden
6310405345639877,https://facebook.com/6310405345639877,Gueder morje bisamme ğŸ™‹13Â° grad en Saverne greuer himmel â˜”ï¸ schener daa in alle ...,None,100004121377242,Dominique Schmitt
6305253412821737,https://facebook.com/6305253412821737,"ğŸ¸ Bouchourele, 14Â° in Lingelse, ken reje, awer a greuier himmel, hoffe mer d'sun zeit sich hit. Schener da an alli ğŸ˜‰ğŸ˜˜",None,100017610546147,Nini Destrass
6305309086149503,https://facebook.com/6305309086149503,Guede morje binander en Haegen hammer noumÃ¨ 11 grad un raÃ¯ye. Trozdem fischdÃ¨ wader wensch esch en alle a angenammer daa ğŸŒ·,None,100010411680722,Marie Odile
6305974112749667,https://facebook.com/6305974112749667,Guede Morje bisame in Heiligenberg han mir Spotjohrwadder. Es esch frisch un de Himmel esch mit decke Wolige gelade. Es esch alles trurig zetter dass Franrich verlore hett.Awer nur em Raye schient wedder d'Sonn. Un d'Litt uff de Terrasse hann jetzt e Anorak an... Trozdem scheni Zitt in alle ğŸ˜š,None,100003642140901,Michel Klein
6305558879457857,https://facebook.com/6305558879457857,GÃ¼ede morje bisamme 16Â° in Awenem oÃ¼n rÃ Ã¯je ğŸŒ§.SchÃ©ner dÃ Ã  in alle.,None,100007443578958,Daniel Pfifferling
6305199656160446,https://facebook.com/6305199656160446,"Armand Geber, as gatt jetz bÃ l lÃ nge...!ğŸ˜¤",None,100001762810088,Norbert Gross
6305454746134937,https://facebook.com/6305454746134937,Guede morje bisamme ğŸ™‹ en Saverne 15Â° grad fischdÃ¨ wader wensch en alle gueder daa...ğŸ˜Š,None,100004121377242,Dominique Schmitt
6305691442777934,https://facebook.com/6305691442777934,"Guada morja, groj, bedeckt, 13 grÃ d in kuana. RÃ¹mÃ dissawaderğŸ˜ ğŸ˜  Schena dÃ j in Ã lla.",None,1626404696,Christiane Cayre
6300403513306727,https://facebook.com/6300403513306727,"Guede morije, 16,8Â° en Zierezoffe, bewelkt awa droged on von denne schlemme Gewetter sen ma verschont geblewe geschd z'owe, em Schwooweland on Nordschwarzwald heds forchdbar gemacht ğŸ˜¨",None,100002911324636,Gerhard Grampp
6300643933282685,https://facebook.com/6300643933282685,Guadamorga bi nander mÃ©r han 16 grad Ã©n radercha oun a bleuia Himmel guada tag an ganzi Ã©quip ğŸ˜˜,None,1201613269,Simone Bobenriether
6300787303268348,https://facebook.com/6300787303268348,"ğŸ¸ Bouchourele, 18Â° in Lingelse un a bessele sunne â˜€ï¸ Schener da an alli ğŸ˜‰ğŸ˜˜",None,100017610546147,Nini Destrass
6300883816592030,https://facebook.com/6300883816592030,"Guada morja bisÃ me, 17 grÃ d in kuana, d'sun schint, s'het wedder schen gerajt,, die tomÃ ta wara lÃ ngsÃ m rot A schena dÃ j ğŸ˜˜",None,1626404696,Christiane Cayre
6300720686608343,https://facebook.com/6300720686608343,Gueder morje bisamme Â°16Â°grad en saverne ğŸ™‚schener daa in alle ....ğŸ˜,None,100004121377242,Dominique Schmitt
6295931027087309,https://facebook.com/6295931027087309,Guede morje bisame en Haegen hammer 16 grad un wolligÃ¨ am hemmel. Esch wensch en alle a scheener daa ğŸŒ·,None,100010411680722,Marie Odile
6295984230415322,https://facebook.com/6295984230415322,Salut bisame ğŸ™‹ğŸ™‹ en Saverne 16Â°grad un wollige im hemmelğŸŒ§ğŸŒ§ schener daa in alle ...ğŸ–,None,100004121377242,Dominique Schmitt
6296134623733616,https://facebook.com/6296134623733616,"Oh jÃ©, s'het gerajt d'hÃ lb nÃ cht in kuana. Un s'esch noch zemlig groj met 16 grÃ d un a lichta wend. Schena dÃ j ğŸŒ§ï¸â˜€ï¸ğŸŒ§ï¸â˜€ï¸",None,1626404696,Christiane Cayre
6281652345181844,https://facebook.com/6281652345181844,"Guede morye Elsesser ğŸ˜ Mieses wetter hit. 17Â° Greuer himmel, es raijt, oun raijt... De bode hett garr kenn zitt ferr alles schlougge. Trotzdem scheener daa an alli uss Alt Egedorf... â˜”ğŸŒ‚ğŸ’¦",None,100004452877429,Sabine Krieger
6281695401844205,https://facebook.com/6281695401844205,"Oh yeee oh yeee ğŸ˜¡ en Haegen hammer Ã  rechdigs schnaguewader ğŸŒ, ass hÄƒld nÃ©t mÃ©d raÃ¯ye. Guede morje trozdem en Älle, noumÃ¨ 12 grad. Trozdem dragwader wensch esch en alle a scheener daa un a angenammer wkend.",None,100010411680722,Marie Odile
6281980488482363,https://facebook.com/6281980488482363,"Salut bisÃ me,15 grÃ d in kuana, groj un ficht, scnackafacht im gÃ rdağŸŒğŸŒ. Schena dÃ j ğŸ˜˜",None,1626404696,Christiane Cayre
6279904015356677,https://facebook.com/6279904015356677,Scheeni Elsass Fan DÃ Ã  bisamme ğŸ¥¨,None,651098746,Uho Lee
6281996295147449,https://facebook.com/6281996295147449,S'KÃ nsdi Fier ! ğŸ˜‰,None,100000879128499,Michel Bock
6276891112324634,https://facebook.com/6276891112324634,"Guede morye uss Alt Egedorf ğŸ˜„ De Nacht am 3 uhr schweress Gewetter, es het gued gerajt, gedonnert... Jetzt hann merr noch a greuer himmel. 17 Â° ess ech guet abgekehltğŸ˜„ Merr hoffe d'Sonn zeitt doch e bessel sinni naass ! Gueder daa ğŸ˜˜ğŸ˜˜",None,100004452877429,Sabine Krieger
6276756999004712,https://facebook.com/6276756999004712,Guadamorga bi nander mÃ©r hann 15 grad Ã©n radercha Dass Ã©ch prima chÃ©ni souna oun a bÃ©tzala vissi woulka.!!! ChÃ©na tag an ganza Ã©quip ğŸ˜˜ğŸ˜˜ğŸ˜˜,None,1201613269,Simone Bobenriether
6276992112314534,https://facebook.com/6276992112314534,Guede morje bisamme enSaverne 15Â° grad frisch isch hit Morje...ğŸ˜ğŸŒ§ gueder daail alle ...ğŸ™‹,None,100004121377242,Dominique Schmitt
6276677679012644,https://facebook.com/6276677679012644,"Guede morje 16,4 grad reje wetter in Winge sur Moder schenner da in alle ğŸŒ¦â˜”",None,100010349680375,ClÃ©ment Christiane Staub
6279910528689359,https://facebook.com/6279910528689359,Scheeni Elsass Fan DÃ Ã  bisamme ğŸ¥¨,None,651098746,Uho Lee
6271757249504687,https://facebook.com/6271757249504687,"ğŸ¸ Bouchourele, 17Â° in Lingelse, greuer himel.....de LÃ©o esch froh, sech nemi so warm ğŸ˜º Schener da an alli ğŸ˜‰ğŸ˜˜",None,100017610546147,Nini Destrass
6271803776166701,https://facebook.com/6271803776166701,Nini Destrass jeta heter nem zu worm â˜€ï¸,None,100048951886347,Yolande Hess
6271968636150215,https://facebook.com/6271968636150215,Salut bisame es het viel reje Ket hit morje ich bin tropf nass wore ğŸ˜‰ğŸŒ,None,100000997093451,Brigitte Baerthel
6271741049506307,https://facebook.com/6271741049506307,Salut bisame 14 grad in Winge sur Moder schenner daa in alle â˜”ğŸŒ¦,None,100010349680375,ClÃ©ment Christiane Staub
6272110056136073,https://facebook.com/6272110056136073,HÃ©lloğŸ‘‹binander enSaverne 15Â° grad schenner daa in alle ğŸ™‹,None,100004121377242,Dominique Schmitt
6262483433765402,https://facebook.com/6262483433765402,"Guede MorjeğŸ˜ E paar Wollige senn noch am Himmel, awer d'Sonn ech schon weeder guet heiss !! D'Rose henge de Ressel noch dem ravie, awer dess hett gued gemacht, Besser Gschloffe !! 19Â° am dreifertel sewe... E genuss ğŸ˜š Scheener daa ann alli uss Alt Egedorf ğŸ˜˜ğŸ˜˜",None,100004452877429,Sabine Krieger
6262501810430231,https://facebook.com/6262501810430231,"ğŸ¸ Bouchourele, 17Â° in Lingelse, noch a paar wollige awer d'sonne zeit sich schon ğŸŒ der reje het gueut gemacht, mer kann weder schnuffe ğŸ˜„ Schener da an alli ğŸ˜‰ğŸ˜˜",None,100017610546147,Nini Destrass
6262498983763847,https://facebook.com/6262498983763847,Brrr...sesch kanlt....gruass von Hartmannswiller mett 16Â°C...und 35 mm raga geschtert. Guata tag en anlla ğŸ¥°,None,100004699921807,Remy Gullung
6262361583777587,https://facebook.com/6262361583777587,Salut bisame 14 grad in Winge sur Moder schenner daa in alle ğŸ˜‰,None,100010349680375,ClÃ©ment Christiane Staub
6262650140415398,https://facebook.com/6262650140415398,Guede morjje bisame en Saverne 15Â°grad schonn esch doo ğŸŒ gueder daa in alle ğŸ™‹\u200dâ™€ï¸,None,100004121377242,Dominique Schmitt
6262512787095800,https://facebook.com/6262512787095800,Guede morje bisame. En Haegen hammer 15 grad un d'sonne esch eui schonn dooo. De raÃ¯ye hett gued hÄbgÃ¨Ã¯ld . Esch wensch en alle a scheener daa ğŸŒ,None,100010411680722,Marie Odile
6251644281515984,https://facebook.com/6251644281515984,Alex Pfiff was esch dann ahngestellt??? ğŸ˜‚,"datetime.datetime(2021, 6, 13, 10, 39, 27, 45336)",1364377191,Yann Clauss
6248796111800801,https://facebook.com/6248796111800801,Salut bisame 20 grad in Winge sur Moder schenner daa in alle â˜€ï¸ğŸ˜,"datetime.datetime(2021, 6, 13, 10, 39, 37, 294878)",100010349680375,ClÃ©ment Christiane Staub
6248917328455346,https://facebook.com/6248917328455346,"Guede morje binander en Haegen esch schonn gued wÄrm 22 grad. A bedegder hemmel, d'feielÃ¨s p'fiffÃ¨ un de gÅ«gelhÄhn graÃ¯d. S'geweder esch nett wid. Esch wensch en alle a scheener daa ğŸŒ un a angenammer wkend.","datetime.datetime(2021, 6, 13, 10, 39, 37, 306835)",100010411680722,Marie Odile
6248833961797016,https://facebook.com/6248833961797016,"ğŸ¸ Bouchourele, schon 23Â° in Lingelse, noch a warmer da ğŸ¥µ Miner LÃ©o sÃ¶cht d'freche im lavabo ğŸ˜ºğŸ˜‚ Schener da an alli ğŸ˜‰ğŸ˜˜","datetime.datetime(2021, 6, 13, 10, 39, 37, 322603)",100017610546147,Nini Destrass
6248963791784033,https://facebook.com/6248963791784033,Nini Destrass ar het rachtğŸ˜,"datetime.datetime(2021, 6, 13, 10, 39, 37, 690040)",100048951886347,Yolande Hess
6240123672668045,https://facebook.com/6240123672668045,Hello bisamme 17Â° grad en Saverne un a bleuier himmel schener daa in alle ğŸ™‹ğŸ™‹ğŸ˜ğŸŒ¼,"datetime.datetime(2021, 6, 13, 10, 39, 59, 53163)",100004121377242,Dominique Schmitt
6240019236011822,https://facebook.com/6240019236011822,"ğŸ¸ Bouchourele, 17Â° in Lingelse, s'wird warm ğŸ˜ğŸŒ Schener da an alli ğŸ˜‰ğŸ˜˜","datetime.datetime(2021, 6, 13, 10, 39, 59, 84406)",100017610546147,Nini Destrass
6240323185981427,https://facebook.com/6240323185981427,"Guada morja, 16 grÃ d in kuana, Sun, Sun ,Sun. A schena dÃ j in Ã lla â˜€ï¸â˜€ï¸â˜€ï¸","datetime.datetime(2021, 6, 13, 10, 39, 59, 394251)",1626404696,Christiane Cayre
6239870879359991,https://facebook.com/6239870879359991,Guede morje 15 grad in Winge sur Moder schenner daa in alle ğŸ˜â˜€ï¸ğŸ˜‰,"datetime.datetime(2021, 6, 13, 10, 39, 59, 733037)",100010349680375,ClÃ©ment Christiane Staub
6239991969347882,https://facebook.com/6239991969347882,Hello binander en Haegen hammer 15 grad un Ã  bleuier. Hitt wÃµrd weder gued hÃ¨iss. Bliewe Älli en de schadd. Esch wensch en alle a scheener daa ğŸŒ ğŸŒ· ğŸ¦,"datetime.datetime(2021, 6, 13, 10, 40, 0, 76573)",100010411680722,Marie Odile
6235191169827962,https://facebook.com/6235191169827962,Guadamorga bi nander Ã‰n radercha Hamer 16 grad Ã  bleuia Himmel oun d'fÃ©gala pfiffa cho !! ChÃ©na tag an alla foum radio ğŸ˜˜ğŸ˜˜ğŸ˜˜,"datetime.datetime(2021, 6, 13, 10, 40, 7, 340344)",1201613269,Simone Bobenriether
6235223066491439,https://facebook.com/6235223066491439,"Salut bisame 14,4 grad in Winge sur Moder schenner daa in alle ğŸ˜‰ğŸ˜","datetime.datetime(2021, 6, 13, 10, 40, 7, 405048)",100010349680375,ClÃ©ment Christiane Staub
6235288016484944,https://facebook.com/6235288016484944,Guede morje binander en Haegen hammer 14grad un Ã  bleuier hemmel. Esch wensch en alle a scheener daa ğŸŒ,"datetime.datetime(2021, 6, 13, 10, 40, 7, 420664)",100010411680722,Marie Odile
6235503599796719,https://facebook.com/6235503599796719,Jezt hann mir andlich schen Wadder. In Heligenberg hann mir im momant 14.9 Grad un es bloost e frisches Liftele. Hoffenlich bloost eui des Liftele a paar mol de âš½ï¸in's ditschTorr.Uff jede fall muen d'Franzose gewinne. Hoffe mers bechte. E glicklicher Deui in alle un eui im France bleu Eslassâš½ï¸âš½ï¸ğŸ‡«ğŸ‡·ğŸ‡«ğŸ‡· Pronostik 2 null fer d'Bleuye....,"datetime.datetime(2021, 6, 13, 10, 40, 7, 420664)",100003642140901,Michel Klein
6235542193126193,https://facebook.com/6235542193126193,Guede morje binander ğŸ™‹\u200dâ™€ï¸ğŸ™‹\u200dâ™€ï¸en Saverne 17Â°grad esch wensch en alle a schenner daa ğŸŒ¼ğŸ˜,"datetime.datetime(2021, 6, 13, 10, 40, 7, 436288)",100004121377242,Dominique Schmitt
